District,Region,Constituency,Total Pop,Percent Male,Percent Female,Percent Age 18-29,Percent Age 30-49,Percent Age 50-64,Percent Age 65 and Above,Percent Edu-Basic,Percent Edu-Secondary,Percent Edu-Tertiary,Percent No Formal,Percent Literate,Percent Non-Literate,Percent Urban,Percent Rural,Percent Employed,Percent Unemployed,Percent Economically Active,Percent Akan,Percent Ga-Dangme,Percent Ewe,Percent Guan,Percent Gurma,Percent Mole-Dagbani,Percent Grusi,Percent Mande,Percent Others,Percent Christian,Percent Islam,Percent Traditionalist,Percent Other Religion,Percent No Religion
Jomoro Municipal,Western,Jomoro,126134,49.5,50.5,21,24,8,4,73.2,20.8,5.8,0.1,66.7,33.3,57.9,56.2,86.9,13.1,57.1,87,0.5,5.6,0.2,1.5,2.6,0.4,0.6,1.6,81.3,8.3,0.7,2.9,6.8
Ellembelle,Western,Ellembelle,120337,50.2,49.8,23,24,7,4,69.8,23.5,6.6,0,70.8,29.2,61.3,56.1,83.1,16.9,55.2,81.1,1.9,3.8,0.2,1.6,8.8,0.6,1.6,0.4,80,12.7,0.4,0.3,6.6
Nzema East Municipal,Western,Evalue GwiraÂ Evalue0Gwira,94408,51.4,48.6,24.1,23.3,6.4,2.7,77.1,18.1,4.8,0,62.3,37.7,57,56.6,88.9,11.1,61.4,78,2.6,2.8,0.2,1.5,12.7,1.1,0.5,0.7,79.2,8.5,0.3,2.1,9.9
Ahanta West Municipal,Western,Ahanta West,152739,49.1,50.9,21.2,24.5,7.6,3.6,72.9,19.6,7,0,72.6,27.4,57.9,56.2,86.5,13.5,59.2,92,1,3.7,0.1,0.2,1.4,0.5,0.3,0.6,82.6,4.2,0.5,1.7,10.9
Effia Kwesimintsim Municipal,Western,Kwesimintsim,173583,49.3,50.7,23.8,26.8,9.2,4.2,51.9,27.9,19.9,0.1,89.8,10.2,64,0,87.9,12.1,59.8,77.9,2.9,7,0.5,0.4,6.8,1.5,0.8,2.1,85.3,11.2,0.1,0.7,2.7
Sekondi Takoradi Metropolitan Area (STMA),Western,Sekondi/Takoradi,244146,48.5,51.5,0,0,0,0,54.9,29.2,15.8,0,89.7,10.3,0,0,87,13,57.4,83.6,2.6,5.8,0.4,0.3,3.7,1.1,0.8,1.5,88.8,7.4,0.1,0.5,3.2
STMA0Takoradi,Western,Takoradi,49421,50.3,49.7,23.1,25.9,10,5.2,52.4,31.1,16.5,0.1,89.7,10.3,64.7,0,88.3,11.7,58.2,82,3,9.2,0.5,0.2,3.2,0.8,0.3,0.8,91.3,4.9,0.1,0.5,3.2
STMA0Sekondi,Western,Sekondi,54439,48.1,51.9,24.4,25.2,10.3,5.8,53.2,29.8,17,0,89.7,10.3,65.8,0,85.2,14.8,55.9,81,3.5,5.5,0.6,0.6,3.9,1.1,1,3,87.2,9.7,0.1,0,2.9
STMA0Essikado0Ketan,Western,Essikado0Ketan,140286,48.1,51.9,23,25.6,8.7,3.7,56.5,28.4,15.1,0.1,88.5,11.5,61.1,0,87.2,12.8,57.8,85.2,2.2,4.8,0.3,0.2,3.9,1.2,1,1.2,88.5,7.3,0.2,0.7,3.3
Shama,Western,Shama,116965,48.8,51.2,20.9,23.1,8.1,4.1,72,20.1,7.9,0.1,75,25,56.5,56.4,84.4,15.6,61.1,87.7,0.8,9.2,0.2,0.1,0.9,0.4,0.1,0.8,84,8.6,0.6,1.2,5.6
Wassa East,Western,wassa East,99505,51.4,48.6,19.3,23.2,8.7,4.1,81.4,14.1,4.5,0,67.9,32.1,57.6,55,90.6,9.4,66.9,69.7,6.2,17.7,1.1,1.2,3.1,0.4,0.2,0.4,86.6,5.9,0.7,0.4,6.3
Mpohor,Western,Mpohor,52419,51.4,48.6,22.1,24.8,8.6,3.5,77.3,17.8,4.9,0,71.1,28.9,60,58.4,88.7,11.3,58.8,86.5,1.8,4.7,0.2,1.5,3.8,0.8,0.3,0.5,82.1,5.7,0.4,1.9,10
Tarkwa0Nsuaem Municipal,Western,Tarkwa0Nsuaem,218059,51.7,48.3,24.3,27.3,7.2,2.5,65.8,23.2,10.9,0,81.8,18.2,62.8,59.1,82,18,61.6,77.6,2.3,6.6,0.4,0.8,8.6,1.7,0.9,1.2,85.6,9.5,0.1,0.3,4.4
Prestea/Huni Valley Municipal,Western,Prestea/Huni Valley,228965,51.4,48.6,23.1,24.8,6.9,2.6,74.9,19.6,5.4,0,73.3,26.7,59.8,55.2,85.3,14.7,58.9,70.7,3.3,6.4,0.6,2.5,12.6,1.9,0.8,1.2,81.3,11.8,0.1,1.3,5.4
Wassa Amenfi East Municipal,Western,Amenfi East,179250,53.1,46.9,25.9,24.5,6.4,2.8,77.1,18.6,4.3,0,64.8,35.2,61.1,59.3,79,21,59.6,72.7,3.4,5.9,0.4,4.5,11.1,1.3,0.6,0.2,81.8,9.2,0.2,0,8.8
Wassa Amenfi Central,Western,Amenfi Central,118921,53.1,46.9,23.5,23,6.8,2.9,81,15.7,3.3,0,62.9,37.1,59,56,83.8,16.2,64.2,64.7,2.5,4.8,0.4,4.4,19.6,`                   1.5,1.5,0.7,77,13.4,0.4,0.8,8.4
Wassa Amenfi West Municipal,Western,Amenfi West,129432,52.6,47.4,24.2,24.1,6.9,2.8,76.5,18.9,4.6,0,68.7,31.3,60,56.8,87.4,12.6,65.8,66.5,2.7,6.2,0.3,2.1,19.1,1.2,0.9,0.9,79.4,13.1,0.4,0.7,6.3
Komenda Edina Eguafo Abirem Municipal,Central,Komenda Edina Eguafo Abirem,165577,48.5,51.5,19.7,22.1,9.3,5.7,74.9,17.9,7.1,0.1,72.3,27.7,57.5,56.3,86.9,13.1,57.8,93.3,0.8,3.8,0.2,0.1,0.5,0.2,0.3,0.8,87.4,5.5,0.2,0.8,6.1
Cape Coast Metropolitan Area (CCMA),Central,Cape Coast South/Cape Coast North,189207,48.9,51.1,0,0,0,0,52.7,28.9,18.3,0.1,88.5,11.5,0,0,88.2,11.8,56.9,84.1,2.5,5.7,0.6,0.2,3,0.7,0.9,2.3,85.1,10.5,0.2,0.6,3.5
CCMA0Cape Coast South,Central,Cape Coast South,70077,49.8,50.2,22.9,22.6,10,5.9,53.7,32.7,13.6,0.1,87,13,61.4,0,85.2,14.8,55,86.8,2.2,3.4,0.4,0.1,2,0.5,1.1,3.4,86.9,8.7,0.1,0.4,3.8
CCMA0Cape Coast North,Central,Cape Coast North,119130,48.3,51.7,25.3,25.2,7.8,3.9,52.1,26.7,21,0.1,89.5,10.5,62.3,0,90,10,58.1,82.5,2.6,7,0.7,0.2,3.6,0.9,0.7,1.7,84.1,11.6,0.2,0.2,3.4
Abura Asebu Kwamankese,Central,Abura Asebu Kwamankese,124068,47.9,52.1,19.5,20.3,9.5,6.3,73.1,20.3,6.6,0,71.6,28.4,54.7,56.2,88.1,11.9,56.3,96.2,0.8,1.4,0.1,0,0.4,0.3,0.1,0.7,86.9,4.9,0.3,1.9,6
Mfantsiman Municipal,Central,Mfantsiman,168542,46.2,53.8,20.8,21.4,8.9,5.4,71.1,22.2,6.7,0.1,75.7,24.3,57.4,54.6,88.1,11.9,55.6,95,0.8,2,0.2,0,0.5,0.2,0.2,1,85.8,7.2,0.2,0.8,6
Ekumfi,Central,Ekumfi,56618,46.5,53.5,18,19.1,9.8,7.7,80.4,15.3,4.3,0,65.2,34.8,53.1,55.1,89,11,54.3,96.7,0.3,2.3,0.1,0.1,0.2,0.1,0,0.2,80.8,14.2,0.4,0.6,4.1
Gomoa West,Central,Gomoa West,129266,45.9,54.1,18.7,19.9,9.6,7,78.2,17.1,4.5,0.1,68.3,31.7,55.6,55.1,86.7,13.3,59,96.3,0.1,1.7,0.3,0.1,0.3,0.1,0.1,0.1,85,5.1,0.9,2.8,6.1
Effutu Municipal,Central,Effutu,107584,50.8,49.2,36.9,20.8,6.9,4.1,48,15,36.9,0,81.7,18.3,69.7,56.6,84.4,15.6,41,37.3,2.6,5.8,48.1,0.8,3.1,1,0.4,0.8,88.8,5,0.5,0.2,5.6
Gomoa Central,Central,Gomoa Central,83491,46.8,53.2,21,22.6,8.2,5.3,74.8,18.4,6.7,0,78.1,21.9,56.9,57.1,86.3,13.7,61.9,93.1,0.8,2.2,2.3,0.1,0.4,0.3,0.2,0.5,84.6,7.3,0.2,3.2,4.7
Gomoa East,Central,Gomoa East,308503,49.3,50.7,21.3,27.7,6.5,2.4,66.3,24.6,8.9,0.1,85.4,14.6,58.2,55.5,85.2,14.8,60.6,68.1,5.7,11.2,1.7,2.5,4.1,1.3,1.5,3.8,80.4,15.2,0.2,1.1,3.1
Awutu Senya East Municipal,Central,Awutu Senya East,235976,48.8,51.2,22.1,28,7.5,2.7,61.8,27.4,10.6,0.2,88.8,11.2,60.6,55,86.4,13.6,62.7,58.4,7.1,16.2,2.9,2.9,4.1,1.1,2.4,4.8,80,17.1,0.2,0.5,2.3
Awutu Senya West Municipal,Central,Awutu Senya West,161078,48.4,51.6,20.5,23.9,7.4,3.8,77.5,17.5,5,0,73.5,26.5,56.1,54.9,87.3,12.7,63,32.2,3.2,15.7,43.3,1.9,1.2,0.6,0.4,1.5,83.8,6.2,0.8,1.8,7.4
Agona East,Central,Agona East,98178,48.2,51.8,20.9,21.5,9.3,5.6,74,20.3,5.7,0,76.8,23.2,59.7,55.3,85.8,14.2,58.8,83.6,1.4,7.7,2.3,2.2,0.9,0.4,0.4,1.1,83.4,9.4,0.5,0.6,6.1
Agona West Municipal,Central,Agona West,136629,47.9,52.1,20.8,23.4,9.8,5.4,69.6,22.7,7.7,0,80,20,60.4,56.6,85.8,14.2,60.8,88.5,1.1,4,0.6,2.3,0.7,0.3,0.5,2,84.2,9.6,0.2,1.3,4.7
Asikuma Odoben Brakwa,Central,Asikuma Odoben Brakwa,126621,48.7,51.3,19,20.8,10.2,5.7,79.1,16.4,4.4,0,75.2,24.8,56.8,54.3,88.6,11.4,61.7,94.5,1.1,2.4,0.3,0.8,0.3,0.2,0.1,0.4,84.9,7.5,0.1,1.9,5.6
Ajumako Enyan Essiam,Central,Ajumako Enyan Essiam,120289,47.5,52.5,19.1,19.9,10.5,7.1,75.9,17.6,6.5,0.1,76.3,23.7,59,55.3,88.4,11.6,56.6,96.8,0.6,1.2,0.4,0.1,0.6,0.1,0,0.2,86.1,6.5,0.1,1.4,5.8
Assin South,Central,Assin South,105851,49.2,50.8,19,20.6,9.5,5.2,78.1,17.9,4,0,74.8,25.2,0,54.3,88.7,11.3,61.5,89.2,3.3,4.1,0.3,0.1,2.2,0.3,0.1,0.4,84.7,6.4,0.1,2.7,6.1
Twifo Heman Lower Denkyira,Central,Heman Lower Denkyira,65782,49.8,50.2,19.3,22.5,9.2,4.6,78.6,16,5.3,0,73.1,26.9,58.6,54.5,88.6,11.4,61.6,87.7,2.3,6,2.3,0.1,0.8,0.3,0.1,0.3,0,0,0,0,0
Twifo Ati Morkwa,Central,Twifo Ati Morkwa,100612,49.6,50.4,19.8,22.4,8.7,4,78.8,16.2,5,0,73.6,26.4,57.1,54.1,85.9,14.1,59.3,75.4,5.2,15.5,0.3,0.5,1.8,0.6,0.2,0.5,0,0,0,0,0
Assin Fosu Municipal,Central,Assin Fosu,88236,49.1,50.9,23.7,22.8,7.6,3.7,70.8,22.2,7,0,84.7,15.3,60.3,54.9,86.7,13.3,63.3,81.8,2.9,9.2,0.3,0.4,2.6,1.2,0.4,1.2,0,0,0,0,0
Assin North,Central,Assin North,80394,50.3,49.7,19.4,21.5,9.8,4.9,79.6,16.5,3.9,0,73.2,26.8,56.7,55.3,90.1,9.9,64.5,76.7,8.4,11.2,0.5,0.2,1.6,0.7,0.1,0.6,0,0,0,0,0
Upper Denkyira East Municipal,Central,Upper Denkyira East,109883,50.2,49.8,23.4,23.3,7.6,3.6,72.2,21.5,6.3,0,78,22,60.8,54.9,82.6,17.4,59.8,73.7,3.6,5.8,0.3,2.4,9.9,1.5,1.5,1.4,0,0,0,0,0
Upper Denkyira West,Central,Upper Denkyira West,90950,52.9,47.1,26,23.7,6.4,2.8,77.2,19.1,3.7,0,70.7,29.3,60.5,58.2,83.2,16.8,67.9,73.1,1.3,4.8,0.2,2.7,15.5,1.3,0.7,0.5,0,0,0,0,0
Ga South Municipal,Greater Accra,"Bortianor0Ngleshie0Amanfrom, Domeabra0Obom",349846,49.3,50.7,21.2,27.8,7.6,2.7,63.7,24.4,11.8,0.1,84.4,91.5,60.5,55.8,86.8,13.2,63.1,44.5,19.2,24.6,1.1,1.3,3.3,0.9,1.3,3.8,82.2,11.6,0.9,1.2,4.1
Weija Gbawe Municipal,Greater Accra,Weija,213441,49.1,50.9,21.8,30,8.4,3.2,55.3,27.5,17.1,0.2,91.5,8.5,63.3,0,89.2,10.8,65.2,57.1,16.1,16.7,1,0.7,3.8,1,0.8,2.7,87.6,9,0.2,0.5,2.7
Ga Central Municipal,Greater Accra,Anyaa0Sowutuom,331806,48.6,51.4,22.5,29.8,8.7,3.3,53.8,29,17,0.2,92.5,7.5,64.3,0,88.7,11.3,66.2,60.9,11.4,15.7,1.3,1.4,3.9,1.5,1.1,2.7,86.3,10.3,0.1,1,2.3
Ablekuma North Municipal,Greater Accra,Ablekuma North,158909,48.2,51.8,23.2,30.5,9.1,3.8,53.6,30.5,15.6,0.3,92.2,7.8,66.7,0,90.2,9.8,67.2,57.7,20,10,1,0.8,3.4,1.2,1.2,4.6,84.8,11.4,0.1,0.8,2.9
Ablekuma West Municipal,Greater Accra,Ablekuma West,153345,48.1,51.9,21.9,30.4,8.5,4,53.1,29.5,17.3,0.2,91,9,64.8,0,88.2,11.8,65,51.1,25.9,16.1,0.8,0.5,2.6,0.7,0.3,2.1,89.8,5.5,0.2,1.5,3.2
Ablekuma Central Municipal,Greater Accra,Ablekuma Central,168654,48.8,51.2,22.9,29.6,9.9,4.3,56.3,30,13.5,0.2,86.9,13.1,66.7,0,88.5,11.5,67.2,37.8,23.5,14,1,2.6,8,1.5,2.5,9,73,23.8,0.2,0.6,2.5
Accra Metropolitan Area (AMA),Greater Accra,Ablekuma South/Odododiodio/Okaikoi Central/Okaikoi South,279843,47,53,0,0,0,0,55.1,30.7,14.1,0.1,81.4,18.6,0,0,87.6,12.4,66.1,31.8,40.3,9.2,1,2.9,11.3,1.1,0.3,2,79.9,15.5,0.2,0.6,3.8
AMA0Ablekuma South,Greater Accra,Ablekuma South,109317,47.2,52.8,22.5,28.4,10.3,4.5,54.9,29.7,15.2,0.2,87.9,12.1,65.7,0,88,12,64.6,28.7,53.3,11.1,0.8,0.6,3.2,0.7,0.2,1.6,89.6,5.7,0.2,0.6,3.9
AMA0Ashiedu Keteke,Greater Accra,Ashiedu Keteke,85932,45,55,36.7,26.3,7,3.3,64.7,29.5,5.7,0.1,63.1,36.9,73.3,0,87.5,12.5,72.8,17.9,35,4.5,1.4,8.2,27.6,1.6,0.3,3.5,58.9,35.8,0.3,0.4,4.5
AMA0Okaikoi South,Greater Accra,Okaikoi South,84594,48.7,51.3,24.2,30.1,10.6,4.9,48,32.8,19.1,0.1,92.3,7.7,69.9,0,87.2,12.8,60.8,50.3,29,11.5,1,0.4,5,1.3,0.6,0.9,88.9,7.4,0.2,0.7,2.8
Korle Klottey Municipal,Greater Accra,Korle Klottey,65543,48.7,51.3,27.1,28.4,11.7,5.7,49.7,31.5,18.5,0.3,89.8,10.2,72.9,0,89.6,10.4,65.4,31.5,41.4,12,0.9,0.8,8.2,1,0.5,3.7,83,10.9,0.2,2.2,3.8
Ayawaso Central Municipal,Greater Accra,Ayawaso Central,94432,48.9,51.1,24.7,29.6,9.9,4.5,52.8,32.3,14.5,0.4,90.1,9.9,68.7,0,86.6,13.4,64.9,39.8,14.9,21.9,2.2,2.2,8.4,2.6,1.9,6.2,73,23,0.2,1.3,2.5
Ayawaso East Municipal,Greater Accra,Ayawaso East,52644,47.9,52.1,23.5,28,9.6,5.4,58.5,29.9,11.4,0.2,77.6,22.4,66.5,0,82.7,17.3,58.9,16.2,8.1,12.4,2.6,17.7,15.3,4.1,9.9,13.7,35,64.3,0.1,0.1,0.5
Ayawaso North Municipal,Greater Accra,Ayawaso North,63332,47.4,52.6,23.4,28.4,9.9,4.8,56.1,33.4,10.4,0.1,83.5,16.5,66.5,0,84.5,15.5,59,21.8,8.2,18.8,2.4,13.2,15.8,3.6,7,9.1,48.2,50.5,0.1,0.3,0.9
La Dade0Kotopon Municipal,Greater Accra,Dade0Kotopon,139690,48.4,51.6,22.3,30.8,9.8,4.2,48.1,32.6,19.1,0.2,94.3,5.7,67.1,0,87.4,12.6,66.5,31.4,43.7,14.3,1.4,0.6,5.9,1.3,0.3,1,90.2,5.1,0.2,1.2,3.2
Ledzokuku Municipal,Greater Accra,Ledzokuku,216988,48.8,51.2,23.7,30.8,8.9,3.9,51.2,30.9,17.8,0.1,91,9,67.2,0,84.1,15.9,63.9,31.6,44.5,16.1,1.1,0.5,4.1,0.9,0.3,0.9,90.1,4.4,0.2,1,4.3
Krowor Municipal,Greater Accra,Krowor,142621,49.4,50.6,24.5,31.5,8.5,3.6,48.1,31.3,20.4,0.2,92.6,7.4,68.2,0,84.6,15.4,62,41.8,33.7,16.8,1.1,0.4,3.5,0.9,0.6,1.1,92.1,4.4,0.2,0.6,2.7
Adentan Municipal,Greater Accra,Adentan,237125,49.6,50.4,24.9,30.6,8,3.4,49.3,27.1,23.5,0.2,92.3,7.7,66.8,0,88.8,11.2,64,40.4,13.8,27,3,4.4,6.4,1.3,1.2,2.5,83.2,14.3,0.1,0.6,1.8
Ayawaso West Municipal,Greater Accra,Ayawaso West,74783,51.2,48.8,38.9,25.9,8.1,3.9,35.6,25.5,38.7,0.2,94.7,5.3,76.7,0,88.1,11.9,51.9,43.7,15.3,25.1,2.6,1.3,8.1,1.7,0.8,1.5,0,0,0,0,0
Okaikoi North Municipal,Greater Accra,Okaikoi North,159782,48.8,51.2,24.8,30.1,8.9,3.9,50.7,31.1,17.9,0.3,91.5,8.5,67.7,0,85.3,14.7,63.3,45.9,13.2,23.4,1.6,1.9,6.2,2.3,1.3,4.2,0,0,0,0,0
Ga North Municipal,Greater Accra,Trobu,235192,49.5,50.5,22.6,30.7,7.7,3,54.3,28.4,17.3,0.1,91.5,8.5,64,0,86.1,13.9,61.8,62.2,10.7,16.6,1.5,0.9,4.7,1.3,0.6,1.6,0,0,0,0,0
Ga West Municipal,Greater Accra,Amasaman,314053,49.5,50.5,20.2,29.7,7,2.4,63.7,25.3,11,0.1,87.9,12.1,59.4,59.1,87.5,12.5,62.2,48.6,16.5,22.8,1.3,1.5,5.1,1.4,1,1.8,0,0,0,0,0
Ga East Municipal,Greater Accra,Dome0Kwabenya,282855,49.4,50.6,24.2,31,8.2,3.4,50.1,27,22.7,0.2,92.9,7.1,67,62.9,86.2,13.8,63.3,55.7,11.5,21.6,1.8,1.3,4.7,1.4,0.5,1.5,0,0,0,0,0
La Nkwantanang Madina Municipal,Greater Accra,Abokobi0Madina,244450,49.4,50.6,25.9,29.6,7.5,3.3,50.2,27.3,22.3,0.2,91.9,8.1,66.6,64.7,86.9,13.1,61.6,40.1,15,26.2,2.9,3.7,7.3,1.5,1.2,2.1,0,0,0,0,0
Kpone Katamanso Municipal,Greater Accra,Kpone Katamanso,416878,49.8,50.2,21.2,30.9,6.7,2.1,60.2,27.5,12.1,0.1,89.9,10.1,61,59.4,87.5,12.5,63.8,34.6,20.8,30.2,2.1,1.5,7,1,0.8,2,0,0,0,0,0
c Municipal,Greater Accra,Kpone Katamanso,207025,49.6,50.4,24.3,29.3,7.7,3.1,61.3,28.9,9.7,0.1,87.3,12.7,64.5,0,88,12,71.1,27.3,19.8,31.7,2.3,1.8,11.4,1.1,1.3,3.3,0,0,0,0,0
Tema West Municipal,Greater Accra,Tema West,195789,49.3,50.7,23.3,30.9,9.1,4,47.5,29,23.3,0.2,94.2,5.8,67.3,0,88.8,11.2,64.9,44.8,16.3,26.9,2,0.8,6.7,1,0.6,1,0,0,0,0,0
Tema Metropolitan Area (TMA),Greater Accra,Tema Central/Tema East,176723,49.1,50.9,0,0,0,0,56.1,29.1,14.5,0.2,87.8,12.2,0,0,85.7,14.3,63.6,45.8,26.9,17.8,1.3,0.5,5.2,0.7,0.4,1.4,0,0,0,0,0
TMA0Tema Central,Greater Accra,Tema Central,65734,48,52,22.8,30.9,9.8,6.7,44.4,30.2,25,0.5,95.6,4.4,70.2,0,88.5,11.5,63.3,53.9,16.2,21.6,1.6,0.6,3.8,0.7,0.5,1.2,0,0,0,0,0
TMA0Tema East,Greater Accra,Tema East,110989,49.7,50.3,24.8,29.1,7.8,3.1,64,28.3,7.6,0.1,82.9,17.1,64.7,0,84,16,63.8,41.1,33.2,15.6,1.1,0.4,5.9,0.7,0.4,1.6,0,0,0,0,0
Ningo0Prampram,Greater Accra,Ningo0Prampram,204475,49.8,50.2,22.7,26.9,6.8,3.1,61.9,23.4,14.7,0.1,81.3,18.7,60.6,55.6,85,15,63,20.3,51.8,21,1.3,0.5,2.6,0.5,0.7,1.3,0,0,0,0,0
Shai0Osudoku,Greater Accra,Shai0Osudoku,10527,50.3,49.7,21.7,25.9,7.2,4.1,70.6,21.8,7.5,0.1,77.8,22.2,59.8,58.2,84,16,58.2,10.7,50.3,25.7,1.5,4.3,2,0.6,1.2,3.6,0,0,0,0,0
Ada West,Greater Accra,Sege,75721,48.8,51.2,20.9,19.9,6.9,4.3,79.5,15.3,5.2,0,65.2,34.8,53.6,50.8,83.5,16.5,60.4,2,92.8,3.8,0.1,0,0.3,0.1,0.1,0.8,0,0,0,0,0
Ada East,Greater Accra,Ada,75869,48.4,51.6,21.6,21.1,8.1,5.4,73.8,19.2,6.9,0,69.6,30.4,58.7,54.8,84.9,15.1,57.9,2.8,87.3,8.5,0.2,0.1,0.3,0.1,0.1,0.7,0,0,0,0,0
South Tongu,Volta,South Tongu,112681,46.4,53.6,20.1,21.7,8.6,6.7,74,19.9,6.2,0,71.6,28.4,59.2,56.1,86.1,13.9,54.4,2.1,2.4,93.7,0.2,0.1,0.3,0.1,0.3,1,85.4,2.3,5.9,0,6.4
Anloga,Volta,Anlo,94799,47.1,52.9,19.2,21.1,10.8,8.4,74.3,20.5,5.2,0,69.6,30.4,60.6,57.9,81.1,18.9,53.2,1,0.5,98,0.1,0,0.1,0,0,0.4,66.3,1.1,19.1,0.8,12.6
Keta Municipal,Volta,Keta,78597,46.9,53.1,20.2,20.9,11.5,8.7,68.3,24.8,6.8,0.1,75.1,24.9,61.4,61.1,80.3,19.7,52.9,2,1,95.9,0.1,0,0.2,0,0.1,0.7,69.6,1.5,18.1,0.1,10.7
Ketu South Municipal,Volta,Ketu South,252668,47.9,52.1,18.9,24.2,8.3,5.1,76.7,18.3,4.8,0.1,68.1,31.9,56.7,56.4,82.3,17.7,57.2,1.6,0.4,92.4,0.1,0.1,0.2,0,0.9,4.3,62.8,9.6,18.1,0.2,9.4
Ketu North Municipal,Volta,Ketu North,114483,47,53,19,21.8,10.4,7.6,77.2,17.7,5.1,0,68,32,60.7,57.6,85.5,14.5,59.5,1.7,0.3,97.2,0.1,0.1,0.2,0.1,0,0.4,63.2,1.1,26.4,0.5,8.9
Akatsi North,Volta,Akatsi North,32466,46.5,53.5,17.7,21.9,10,8.4,80.6,14.9,4.4,0.1,63.1,36.9,0,58.1,90.8,9.2,55.4,1.7,0.5,94.8,0.1,0.1,0.1,0.1,0.6,2.1,64.4,5.7,19,2.7,8.2
Akatsi South Municipal,Volta,Akatsi South,92174,46.6,53.4,19.9,22.4,9.8,7.4,76.1,17.6,6.3,0,70,30,61.1,58.6,87.1,12.9,54.4,1.7,0.5,96.1,0.1,0.1,0.1,0.1,0.1,1.1,72.9,2.3,16.8,0,7.9
Central Tongu,Volta,Central Tongu,83643,47.1,52.9,19.6,20.6,9,7.1,77.4,16.8,5.7,0.1,64.7,35.3,61.5,55.4,89.6,10.4,52,1.4,1.1,95.8,0.1,0,0.2,0.1,0.6,0.7,78.2,2.8,9.1,1.5,8.4
North Tongu,Volta,North Tongu,110600,47.8,52.2,19.7,21.3,8.4,5.9,76.7,17.7,5.5,0.1,69.5,30.5,56.5,54.2,86.7,13.3,55.6,2.3,2.5,89.9,0.5,0.3,0.5,0.1,2.1,1.8,79.6,5.8,4.3,4,6.3
Ho West,Volta,Ho West,82835,48.2,51.8,18.3,20.5,12.6,8.8,73.3,20.9,5.8,0,83.9,16.1,59.7,60.2,91.4,8.6,55,2.4,0.9,85.4,7.3,2.1,0.6,0.1,0.1,1.1,92.1,2.8,1.3,1.6,2.3
Adaklu,Volta,Adaklu,38644,49.1,50.9,18.6,21.9,9.8,6.9,79.1,16.2,4.6,0,72.1,27.9,0,57.2,89.1,10.9,55.8,1.4,0.6,90,0.3,0.7,0.3,0,5.7,1,83.7,7.7,3.7,1.7,3.2
Agortime0Ziope,Volta,Agortime0Ziope,39525,47.5,52.5,19.7,24.2,9.8,7.3,77,16.3,6.7,0.1,68.8,31.2,61.6,59.2,94.3,5.7,61.9,2.6,2.2,93.5,0.3,0.1,0.2,0,0.1,1,80,1.7,12.3,1,5
Ho Municipal,Volta,Ho Central,179452,47,53,24,25.3,9.9,5.8,55.3,26.4,18.2,0.1,90.5,9.5,66.2,62.1,87,13,54.5,5.4,2,86.6,1.7,0.9,0.8,0.2,0.5,1.9,93.5,4.1,0.4,0.6,1.4
South Dayi,Volta,South Dayi,57408,49.9,50.1,21.7,21.4,8.9,6.3,69,23.2,7.7,0.1,81,19,58.5,58.4,81.7,18.3,53,3.5,3.4,89.2,1,0.5,0.4,0.1,0,1.9,91.6,3,1.2,1.8,2.5
Afadzato South,Volta,Afadzato South,73130,49.3,50.7,17.4,20.9,11.4,7.7,73.9,20.9,5.2,0.1,83.3,16.7,55.8,57.7,89.9,10.1,51.5,2.2,1.4,76.6,13.5,3.5,0.7,0.3,0.2,1.5,90.4,3.3,1.4,2.8,2.1
North Dayi,Volta,North Dayi,39164,48.6,51.4,18.6,20.4,12.3,10,73.8,20.6,5.5,0,82.6,17.4,0,61.4,88.6,11.4,52.3,2.2,1.2,92.6,1.1,1.5,0.5,0.1,0.3,0.5,94.8,1.1,1,0.7,2.3
Kpando Municipal,Volta,Kpando,58430,50,50,21.3,23.1,10.1,5.9,65.6,26.7,7.7,0,82.5,17.5,61.6,59.3,86.7,13.3,53.4,3.3,3.6,83.5,2.2,2,1.3,0.3,0.3,3.6,8.9,6.7,1.1,0.4,2
Hohoe Municipal,Volta,Hohoe,113951,48,52,22,23.2,9.5,0,66.2,23.3,10.4,0.1,85.8,14.2,60.4,60.2,87.9,12.1,55.9,3.8,1,75.3,7,6.3,1.1,0.2,0.2,5.1,86.9,10.7,0.4,0.4,1.5
Birim South,Eastern,Akim Swedru,35627,48.9,51.1,19.2,21.4,10.8,6.4,73.1,21.3,5.6,0,79.5,20.5,58.9,57.1,89,11,55.5,79.8,5.8,7.6,4.3,0.6,1,0.3,0.1,0.4,88,5.4,0.2,0.5,6
Birim Central Municipal,Eastern,Akim Oda,75827,47.8,52.2,24,23.4,9,4.3,63.5,27.2,9.3,0.1,87.6,12.4,60.8,57.2,89.2,10.8,54.9,80.1,4,7.1,0.9,1.6,3.3,0.9,0.4,1.7,86.4,8,0.1,1.5,4.1
Achiase,Eastern,Achiase,56252,48.7,51.3,18.2,21,11.3,6.4,80.5,15.9,3.6,0,73.8,26.2,58.1,55.6,86,14,56.1,93.1,1.7,3,0.1,0.7,0.5,0.3,0.1,0.5,84.4,4.5,0.2,3.4,7.5
Asene Manso Akroso,Eastern,Asene Akroso Manso,77372,48.8,51.2,18.6,21.7,10.6,6.1,79.9,16.4,3.7,0.1,74.7,25.3,58,55.8,89,11,59.3,85.8,3.6,5.2,0.9,1.2,1.8,0.3,0.1,1.2,84.6,7.1,0.1,1.6,6.5
West Akim Municipal,Eastern,Lower West Akim,119783,48.5,51.5,19.7,23.2,10.1,5.6,76,18.5,5.5,0,76.3,23.7,60.2,56.7,88.4,11.6,59.6,56.3,9.2,20,5.3,3.5,2.5,0.6,0.2,2.4,83.6,8.6,0.5,0.7,6.5
Upper West Akim,Eastern,Upper West Akim,93246,48.8,51.2,18.2,22.6,9.8,5.9,82.1,14.5,3.4,0,71,29,58,56.6,87.6,12.4,63.2,43.9,10.6,31.7,3.5,6,2.3,0.8,0.3,1,81,9.3,1.1,0.6,8
Ayensuano,Eastern,Ayensuano,94488,49.8,50.2,17.1,23,10.6,6.6,84.5,13,2.5,0,72.7,27.3,57.1,57.3,91.2,8.8,62.9,43.3,16.4,28.4,8,0.8,1.3,0.7,0.2,0.8,86.4,3.9,1,0.7,8.1
Nsawam Adoagyiri Municipal,Eastern,Nsawam Adoagyiri,155125,49.1,50.9,20.3,27.8,14.4,4.3,67.1,24.2,8.6,0.1,83.8,16.2,63,58.2,88.7,11.3,60.4,53.9,8.9,27.3,1.2,1.2,3.3,0.1,0.7,2.6,86.9,7.7,0.4,0.6,4.4
Akwapim South Municipal,Eastern,Akwapim South,76828,48.2,51.8,21.8,24.3,8.8,5.1,64.5,26.5,9,0.1,84.6,15.4,59.3,60.3,87.1,12.9,55.3,70,7.9,16.3,1.3,0.4,2,0.1,0.2,1,91.2,2.8,0.5,1.1,4.4
Akwapim North Municipal,Eastern,Akropong,105034,47,53,21.4,22.7,9.3,6.9,61,27.2,11.8,0,85.9,14.1,61.5,58.5,87.6,12.4,47.7,60.5,7.6,19,9.4,0.4,1.9,0.5,0.2,0.6,92.1,2.8,0.8,0.4,4.1
Okere,Eastern,Okere,51623,47.6,52.4,19.7,21.7,9.8,7.6,73,21.6,5.2,0.1,77.9,22.1,58.6,58.9,89.5,10.5,58.4,28.4,5.6,18.7,44.6,0.4,1.3,0.3,0.1,0.6,88,1.7,1.3,2.4,6.7
New Juaben South Municipal,Eastern,New Juaben South,124490,48.3,51.7,25.5,25.6,9.8,5.6,52.7,27.4,19.9,0.1,91,9,66.6,67.5,88.9,11.1,58.5,57.1,12,16.9,3.3,1.5,4.7,0.9,0.3,3.3,87.1,9.3,0.1,0.9,2.6
New Juaben North Municipal,Eastern,New Juaben North,93018,49.7,50.3,23.9,24.7,8.6,5,56.5,30.9,12.5,0,89.9,10.1,62.5,62.7,87,13,52.7,63.4,9.6,12.7,1.2,2.1,5.4,1.3,0.9,3.4,83.7,11.9,0.1,1.3,3
Suhum Municipal,Eastern,Suhum,126028,48.4,51.6,20,23.7,10,5.7,74,20.1,5.9,0,81.6,18.4,60.7,58,90.9,9.1,64.7,44.9,28.1,15.3,4.6,1.8,2.1,0.8,0.3,2.2,86.7,7.5,0.3,1.5,4
Abuakwa South Municipal,Eastern,Abuakwa South,91064,48.6,51.4,21.2,22.3,10,6.7,71.2,22.3,8.9,0,85.7,14.3,61.3,59.2,87.5,12.5,54.9,59.9,13.1,16.4,1.5,2.2,4.3,0.9,0.6,1.2,89.3,7.8,0.2,0.9,4.5
Abuakwa North Municipal,Eastern,Abuakwa North,73822,49.4,50.6,21.1,22.3,9.8,6.5,64.2,26.8,6.5,0,0,0,59.8,59.4,83.6,16.4,59,65.5,12.5,12,1.3,0.8,5.5,0.8,0.3,1.1,86.6,5.4,0.2,0.2,4.9
Denkyembuor,Eastern,Akwatia,76806,49.2,50.8,19.8,22.9,11.3,5.1,72.6,22,5.3,0,80.3,19.7,59.6,57.7,82.3,17.7,56.8,65.9,5.9,16.8,0.6,2,5,1.2,0.6,2.1,83.6,10.4,0.1,1.1,4.7
Akyemansa,Eastern,Ofoase0Ayirebi,90961,49.7,50.3,17.7,21.7,11.1,5.9,82.2,14.2,3.5,0,72.2,27.8,56.4,56.4,91.3,8.7,61.8,82.6,6.1,7.3,1.5,0.5,0.8,0.4,0,0.9,84.1,5.1,0.2,3.3,7.3
Kwaebibirem Municipal,Eastern,Kade,121558,49.4,50.6,18.4,23.4,11.1,5.8,77.3,17.4,5.2,0,79.6,20.4,60,57.7,89.5,10.5,59.5,67.6,13.3,10.7,3.2,0.5,2.2,0.7,0.3,1.5,0,0,0,0,0
Birim North,Eastern,Abirem,82336,50,50,19.7,23.7,9.6,5.1,75.4,18.1,6.4,0,78.8,21.2,61.3,56.6,87.6,12.4,62.3,68.2,11,11.3,1.3,1,4.3,1.2,0.3,1.4,0,0,0,0,0
Atiwa West,Eastern,Atiwa West,61165,51.1,48.9,19.3,22.4,10,6.2,81.1,15.7,3.2,0,80.4,19.6,58.9,57.5,88.2,11.8,65,69.5,13.3,7.1,0.5,2.3,4.9,0.8,0.3,1.4,0,0,0,0,0
Atiwa East,Eastern,Atiwa East,64514,50.6,49.4,19.4,23.2,9.7,3.7,78.4,17,4.5,0,80.5,19.5,59.6,57,85.4,14.6,63.6,64.1,14.4,8,2.1,2,5.3,1.2,0.4,2.6,0,0,0,0,0
Fanteakwa South,Eastern,Fanteakwa South,54568,50.5,49.5,21.4,23.3,9.6,5.8,74.3,20.5,5.1,0,82.5,17.5,62.2,58.4,90.8,9.2,60.8,53.2,30.1,7.1,1.2,1.4,4.8,0.9,0.3,1,0,0,0,0,0
Yilo Krobo Municipal,Eastern,Yilo Krobo,122550,48.6,51.4,20.2,24.8,9.3,5.7,74.5,18.5,6.9,0,78.9,21.1,61.7,58.3,87.1,12.9,63.7,9.2,78.4,8,1.3,0.3,0.7,0.2,0.1,1.7,0,0,0,0,0
Lower Manya Krobo Municipal,Eastern,Lower Manya,121186,46.6,53.4,23.5,24.2,8.4,5.7,66.2,26.1,7.7,0.1,79.9,20.1,62.5,59.9,81.1,18.9,52.9,6.1,72.5,17.5,0.5,0.2,0.8,0.2,0.3,2,0,0,0,0,0
Asuogyaman,Eastern,Asuogyaman,100965,48.1,51.9,20.2,22.7,9.9,5.9,68.7,23.1,8.2,0.1,81.8,18.2,60,58.3,86.1,13.9,56.4,27.6,13.1,44.5,9.8,0.9,2.2,0.4,0.2,1.2,0,0,0,0,0
Upper Manya Krobo,Eastern,Upper Manya,70554,50.4,49.6,19.1,22.3,10.3,5.8,83.6,11.9,4.4,0,63.1,36.9,57.7,57.3,92.6,7.4,69.3,4,82.3,9.8,0.3,0.4,0.6,0.2,0.5,2,0,0,0,0,0
Fanteakwa North,Eastern,Fanteakwa North,56860,50.7,49.3,19.1,23,10.1,5.8,78.4,16.2,5.3,0.1,70.5,29.5,60.1,56.7,89.4,10.6,64.8,39.6,39.8,9.2,0.5,1.8,4.2,2.4,0.7,1.6,0,0,0,0,0
Kwahu South Municipal,Eastern,Mpraeso,80131,48,52,19.9,20.7,9.8,6.9,72.6,21.5,5.9,0,75.8,24.2,59.3,55.9,89.6,10.4,55.6,72.3,8.3,10.9,0.3,0.4,4.1,1.1,0.7,1.9,0,0,0,0,0
Kwahu West Municipal,Eastern,Nkawkaw,144866,48.5,51.5,20.2,23.5,9,5.5,73.5,20.1,6.3,0,83.1,16.9,59.2,56.2,87.7,12.3,62.7,78.1,2.8,6.1,0.6,1.1,7.3,1.4,1,1.7,0,0,0,0,0
Kwahu East,Eastern,Abetifi,79674,50.6,49.4,20,20.1,9.7,7.4,71.2,22.2,6.5,0.1,75.5,24.5,58,56.5,90.1,9.9,56.9,67.3,6.3,18.3,0.4,0.7,2.8,2.3,0.6,1.3,0,0,0,0,0
Kwahu Afram Plains South,Eastern,Afram Plains South,73840,53.3,46.7,19.4,23.1,8.6,3.4,81.4,14.1,4.5,0,55.2,44.8,53.9,54.8,90.9,9.1,68.5,18,7.6,34.4,10.2,8.2,16.9,2.3,0.9,1.6,0,0,0,0,0
Kwahu Afram Plains North,Eastern,Afram Plains North,66462,53.5,46.5,21.1,22.3,8.1,3.8,80.6,14.4,4.9,0,54.1,45.9,56.9,54.8,91.8,8.2,66.3,11,8.6,67.7,1.6,2,4.5,0.9,1,1.9,0,0,0,0,0
Amansie South,Ashanti,Manso Edubia,116198,52.8,47.2,28.1,23.2,6.5,3,78.2,18.4,3.4,0,68.1,31.9,66.8,59.6,83.6,16.4,65.1,76.9,0.7,2,0.4,3.5,14,1.4,0.9,0.1,79.5,12.7,0.6,0.1,9.7
Amansie Central,Ashanti,Odotobri,92880,52,48,21.7,23.1,9.2,4.9,81.5,14.9,3.6,0,69,31,59.9,58.8,86.1,13.9,64.5,85.4,1.5,2.3,0.2,1.1,7,1.3,0.6,0.7,80.8,6.9,0.6,1.9,11.1
Akrofuom,Ashanti,Akrofuom,49189,53.4,46.6,21.7,22.6,9.4,4.2,80.8,16.1,3.1,0,69.3,30.7,57.5,58,82.2,17.8,61.9,69.6,3.4,5.4,0.3,3.9,14.3,1.4,1.1,0.7,79.4,13.5,0.2,1.4,8.3
Adansi South,Ashanti,New Edubease,84987,50,50,20.1,22,9.5,4.6,78.9,16.7,4.4,0,72.9,27.1,58.5,55.5,90,10,61.3,64.4,4.5,25.4,0.3,0.7,2.4,1.5,0.3,0.5,86,6.5,0.8,1.3,6.2
Adansi Asokwa,Ashanti,Adansi Asokwa,71696,50,50,18.9,22.4,9.8,4.7,81,15,4.1,0,71,29,0,55.7,87.8,12.2,59.3,71.7,7,12,0.7,1.6,4.6,1.3,0.8,0.4,83.8,10.1,0.7,0,6.9
Obuasi East,Ashanti,Obuasi East,92228,48.6,51.4,22.3,25.2,9,3.2,65.5,26.2,8.3,0,83.8,16.2,60.3,58.2,80.9,19.1,60.3,72.2,1,4,0.5,0.8,15.8,3.6,1.2,1,80.4,18.5,0,1.1,3.5
Obuasi Municipal,Ashanti,Obuasi West,104092,49.7,50.3,23.7,26,9.3,3.2,61.6,26.7,11.6,0,87,13,62.9,57.4,82,18,62.3,78.6,1.1,3.1,0.5,0.8,10.6,1.7,2.3,1.3,83.2,13,0.1,2.4,3.5
Adansi North,Ashanti,Fomena,54084,49.5,50.5,23.2,22.1,8.8,4.5,66.7,25.1,8.2,0.1,81.5,18.5,61.1,56.9,85.2,14.8,57,80.6,1.1,3.8,0.2,0.9,10.4,1.4,1,0.5,82.9,10.8,0.5,1.3,6.3
Bekwai Municipal,Ashanti,Bekwai,137667,48.3,51.7,22.1,20.8,8.9,5.6,70.4,22.8,6.8,0,81.9,18.1,58.7,56.7,86.5,13.5,56.8,88.4,0.5,1.4,0.2,1,6.2,1.2,1,0.2,87.3,7.5,0.3,0.1,5.7
Amansie West,Ashanti,Manso Nkwanta,109318,51.2,48.8,23.1,22.9,7.3,3.8,78.3,17.7,4,0,73,27,56.9,57.1,80.1,19.9,59.5,83.6,0.4,1,0.2,1.2,9.2,1.3,1.5,1.6,75.3,13.5,0.2,5,9.3
Atwima Kwanwoma,Ashanti,Atwima Kwanwoma,234621,48.6,51.4,21,25.8,7.3,3.3,65.6,23.9,10.5,0,86.4,13.6,58.5,56.2,84.2,15.8,59.5,85.1,0.8,2.9,0.3,0.8,6.3,2.5,1.1,0.3,90.6,5.7,0.2,0.1,4
Bosomtwi,Ashanti,Bosomtwi,165053,48.7,51.3,20.6,24.4,7.9,4.2,67.5,23.4,9,0,85.8,14.2,58.1,55.8,86.6,13.4,57.7,87.3,0.7,2.6,0.2,0.8,5.5,2.2,0.6,0.1,91.4,4.6,0.2,0,4.2
Bosome Freho,Ashanti,Bosome Freho,62244,50.5,49.5,18.1,21.6,9.8,5.4,83.4,13,3.6,0,70.7,29.3,0,54.9,91.8,8.2,64.8,83,3.8,5.4,0.2,0.6,5.4,0.6,0.6,0.4,86.5,7.1,0.7,0,6.7
Asante Akim Central Municipal,Ashanti,Asante Akim Central,91459,48.5,51.5,22.2,23.9,7.8,4.4,68.7,23.7,7.5,0,82.7,17.3,60.1,54.7,85.3,14.7,57.5,73.7,1.6,6.3,0.4,2.3,10.8,2.1,2,0.7,83.2,14.9,0.4,0.3,3.7
Asante Akim South Municipal,Ashanti,Asante Akim South,123460,49.9,50.1,18.2,21.4,10.1,5.8,79.8,16.3,3.9,0,74.9,25.1,57.5,54.6,90.3,9.7,62.3,65.7,4.9,7.3,1.4,2.4,13.6,1.7,2.2,0.8,79.5,18.4,0.4,0,5.4
Asante Akim North Municipal,Ashanti,Asante Akim North,85481,49,51,23.6,21.3,9,5,69,23.4,7.5,0,74.7,25.3,61,54.9,90.2,9.8,58.8,70.8,0.7,3.3,0.4,3.9,14.8,2.5,2.5,1.6,77.9,16.1,0.5,1.9,7.1
Sekyere Kumawu,Ashanti,Kumawu,64299,48,52,20.7,18.8,8.3,6.3,71,23.1,5.8,0,80.7,19.3,57,52.2,88.5,11.5,56.1,84.3,0.3,0.7,0.2,6.3,5.5,0.8,1.3,0.6,83.7,9.1,0.8,1.4,6.5
Sekyere East,Ashanti,Afigya Sekyere East,74677,47.8,52.2,21.5,20.9,8.3,5.1,67.6,24.8,7.5,0,83.7,16.3,57.3,53.5,84.8,15.2,58.2,81.8,0.4,1.3,0.8,1.6,7.8,1.7,1.6,3.1,76.4,9.1,0.7,2.5,5.8
Juaben Municipal,Ashanti,Juaben,63861,48.8,51.2,19.6,21.5,9,5.3,76.4,18.9,4.7,0,78.4,21.6,57.1,54.5,87.7,12.3,60.4,76.1,1,6.6,0.5,3.2,8.2,2.9,1.2,0.3,0,0,0,0,0
Ejisu Municipal,Ashanti,Ejisu,180290,48.6,51.4,21.9,24.4,8,4.3,63.5,25.2,11.2,0.1,84.9,15.1,60,57.6,85.1,14.9,58.3,80.5,0.9,5.4,0.6,1.4,5.7,2.3,1.2,1.9,0,0,0,0,0
Oforikrom Municipal,Ashanti,Oforikrom,212826,50.4,49.6,37.8,20.9,7,3.3,43.9,21.7,34.4,0,89.7,10.3,69,0,88.1,11.9,45.7,70.5,2.6,7.7,1.4,0.9,10.3,2.5,2.5,1.5,0,0,0,0,0
Asokwa Municipal,Ashanti,Asokwa,125361,48.5,51.5,23.3,27.4,8.2,4,57,28.9,14.1,0,88.8,11.2,62.9,0,88.2,11.8,63.6,83.6,0.9,4,0.2,0.4,5.9,3.4,0.5,1,0,0,0,0,0
Kumasi Metropolitan Area (KMA),Ashanti,Nhyiaeso/Subin/Manhyia South/Manhyia North/Bantama,440486,48,52,0,0,0,0,53.5,31.9,14.6,0,88.2,11.8,0,0,87.5,12.5,59.7,77.5,1,2.4,0.7,0.8,11,2.8,2.7,1.1,0,0,0,0,0
KMA0Nhyiaeso,Ashanti,Nhyiaeso,114423,49.5,50.5,23.9,27.8,9,4.4,49.5,32.4,18.1,0,90.1,9.9,65.1,0,88.2,11.8,62,81.7,1.3,3,0.4,0.6,8.5,3.2,1.1,0.3,0,0,0,0,0
KMA0Subin,Ashanti,Subin,74306,50.3,49.7,32.9,23.6,8,3.9,48,34.2,17.8,0,85.6,14.4,68.4,0,89.3,10.7,52.7,68.8,1.6,3.8,1.2,0.9,16.2,2.4,1.6,3.5,0,0,0,0,0
KMA0Manhyia South,Ashanti,Manhyia South,37877,45.5,54.5,25.3,25.7,10.3,5.3,55.3,32.1,12.6,0,90.5,9.5,66.7,0,86.1,13.9,62,89.7,0.6,1.3,0.3,0.6,4.3,1.5,1.3,0.3,0,0,0,0,0
KMA0Manhyia North,Ashanti,Manhyia North,91797,47,53,23.9,25.4,8.2,3.9,59.6,29,11.4,0,84.6,15.4,61.3,0,89,11,62.3,62.8,0.7,1.9,1.3,1.3,19.4,3.9,7.9,0.8,0,0,0,0,0
KMA0Bantama,Ashanti,Bantama,122083,46.8,53.2,23.7,26.5,8.4,3.7,55.8,31.9,12.2,0.1,90,10,62.2,0,85.2,14.8,59.5,86.1,0.8,1.8,0.4,0.7,5.9,2.1,1.5,0.8,0,0,0,0,0
Kwadaso Municipal,Ashanti,Kwadaso,154306,48.7,51.3,26.4,25.9,7.9,3.8,52.6,27.7,19.6,0.1,91.5,8.5,64,0,86.8,13.2,56.4,85.8,1.1,2.9,0.4,0.6,5.4,2,0.7,1.2,0,0,0,0,0
Suame Municipal,Ashanti,Suame,135573,47.7,52.3,23.3,26.8,8.2,3.4,61.4,28.1,10.5,0,88.9,11.1,61.7,0,87.2,12.8,65.3,84,0.4,1.2,0.4,0.8,8.2,2,2.4,0.7,0,0,0,0,0
Old Tafo Municipal,Ashanti,Old Tafo,114113,48.1,51.9,24.1,25.8,7.9,3.6,61.2,29,9.7,0,87.2,12.8,61.3,0,87.1,12.9,63,70.3,0.5,1.5,2.4,4.3,12.1,2.4,4.4,2.1,0,0,0,0,0
Asokore Mampong Municipal,Ashanti,Asawase,191018,48.8,51.2,23.9,24.6,8.2,4,62.4,27.5,9.9,0.1,78.9,21.1,60.6,0,86.8,13.2,59.5,35.9,0.9,2.3,7,3.1,25,5.2,8,12.6,0,0,0,0,0
Kwabre East,Ashanti,Kwabre East,296550,48.4,51.6,22.1,24.3,7.1,3.3,65.9,25.9,8.2,0.1,86.7,13.3,56.9,55.8,87.6,12.4,60.3,71.4,0.5,1.8,1.9,5.4,9.6,2.4,4.1,3,0,0,0,0,0
Afigya Kwabre South,Ashanti,Afigya Kwabre South,234253,49,51,21.7,25.4,6.9,2.9,67.4,24.6,8,0,86.2,13.8,58.1,55.4,85.5,14.5,59.4,81.3,0.5,1.4,0.7,1.6,8.8,1.7,3,1,0,0,0,0,0
Atwima Nwabiagya North,Ashanti,Atwima Nwabiagya North,154846,49.6,50.4,21.8,24.5,7.4,3.4,67.5,24.6,7.9,0,83.9,16.1,57.6,55.9,86.8,13.2,56.6,77.3,0.6,2.3,0.4,2.5,10,2.4,3.2,1.2,0,0,0,0,0
Atwima Nwabiagya Municipal,Ashanti,Atwima Nwabiagya South,161599,48.4,51.6,22.5,24.7,7.7,3.5,65.4,25,9.5,0,86.4,13.6,59.7,55.9,86.6,13.4,59.7,80.9,0.8,2.7,0.5,2.6,7.4,2.2,1.6,1.3,0,0,0,0,0
Atwima Mponua,Ashanti,Atwima Mponua,155085,51.7,48.3,20.1,22.8,8.4,4,79.9,16.6,3.5,0,68.4,31.6,56.8,55,89.3,10.7,63.4,57.2,1.1,4.4,0.6,8.7,21.8,2.3,3.4,0.1,0,0,0,0,0
Ahafo Ano South West,Ashanti,Ahafo Ano South West,65717,51.2,48.8,19.9,22.1,8.9,4.5,79.3,16.3,4.4,0,67.2,32.8,59.2,54.3,88.4,11.6,63,55,1.2,5.4,0.5,12.9,17,3,3.9,1.1,0,0,0,0,0
Ahafo Ano North Municipal,Ashanti,Ahafo Ano North,92542,50.4,49.6,21.8,21.8,8.4,4.2,73.4,20.5,6,0,74.1,25.9,60.7,54.4,91.3,8.7,62.5,50.7,1.3,7,0.3,10.7,22.7,1.6,4.4,1.3,0,0,0,0,0
Ahafo Ano South East,Ashanti,Ahafo Ano South East,63389,50.5,49.5,18.9,20.9,8.9,4.6,82.5,13.5,4,0,67.2,32.8,55,52.8,88.7,11.3,60.6,57,0.7,3.8,0.9,8.5,22,2.1,3.5,1.4,0,0,0,0,0
Offinso North,Ashanti,Offinso North,83335,49.1,50.9,20.1,20.8,8,4.1,76.6,18.6,4.7,0.1,59.7,40.3,56.1,49.6,90.4,9.6,62.3,44.7,0.3,2.8,0.3,8.8,36.7,2.5,2.9,0.9,0,0,0,0,0
Offinso Municipal,Ashanti,Offinso South,136941,48.5,51.5,23.1,21,7.2,4.1,70.4,22.6,7,0,73.5,26.5,56.4,54.4,84.5,15.5,58,59.3,0.3,1.3,0.6,7.5,22.7,2.3,5.1,1,0,0,0,0,0
Afigya Kwabre North,Ashanti,Afigya Kwabre North,73284,49.9,50.1,19.9,22.3,7,4,76.4,19.1,4.5,0,74.6,25.4,53.8,52.2,85.9,14.1,56.2,57.6,0.4,2.5,0.9,3.6,24.6,4.2,5.3,1.1,0,0,0,0,0
Sekyere South,Ashanti,Effiduase0Asokore,119808,48.4,51.6,22.6,19.9,8.1,5.4,67.1,26.6,6.4,0,81.3,18.7,56.7,54.1,87.8,12.2,53.9,75.1,0.2,1.1,0.4,4.9,12.7,1.4,2.9,1.1,0,0,0,0,0
Mampong Municipal,Ashanti,Mampong Municipal,116393,48.8,51.2,24.8,20.7,7.8,4.9,63.7,22.4,13.9,0,78.7,21.3,61.4,54.5,88.1,11.9,52.8,69.1,0.5,1.3,0.8,6.1,15.4,3.1,2.4,1.5,0,0,0,0,0
Ejura Sekyedumase Municipal,Ashanti,Ejura Sekyedumase,137178,49.8,50.2,22.5,20.7,6.4,3.7,74.9,19.3,5.8,0,59.8,40.2,54.9,50.5,87.9,12.1,60.8,23.9,0.3,1,3.7,22.2,33,4.6,9.4,2,0,0,0,0,0
Sekyere Central,Ashanti,Nsuta0Kwamang,73181,49.8,50.2,20.4,20.3,8.3,5.7,74,20.1,5.9,0,64.5,35.5,58.1,53,90.2,9.8,58,57,0.4,0.4,1.6,16.9,18.5,3.1,1.4,0.7,0,0,0,0,0
Sekyere Afram Plains,Ashanti,Sekyere Afram Plains,32613,53.6,46.4,20.8,21.7,5.9,2.1,84,12,4,0.1,40.5,59.5,55.1,49.6,96.2,3.8,60.2,27.9,0.2,0.6,2.2,30.9,29.1,6.3,2.3,0.5,0,0,0,0,0
Aowin Municipal,Western North,Aowin,129432,52.6,47.4,22.3,24.7,7.6,2.7,74.9,19.2,5.8,0,59,41,65.4,56.1,86.5,13.5,65.7,60.9,3.2,5.7,0.3,5.7,21,1.6,0.9,0.6,78.1,13.6,0.4,1,6.9
Sefwi Akontombra,Western North,Sefwi Akontombra,70171,52.6,47.4,20.2,23.2,8.8,3.2,77.3,18.4,4.3,0,63.9,36.1,59.5,54.4,90.6,9.4,66.6,62.9,3.5,4.7,1,2.3,22.2,1.1,1.5,0.7,75.5,14.5,0.5,2.4,7.1
Suaman,Western North,Suaman,38166,53.9,46.1,25.5,24.2,6.6,2.1,67.6,24.3,8.1,0,65.2,34.8,59.7,57.7,85.2,14.8,56.8,59.2,5.8,7.6,0.4,1.6,19.6,2.3,2.8,0.7,75.7,18.7,0.2,0.6,4.8
Bodi,Western North,Bodi,65738,51.2,48.8,22.8,23.1,7.5,3.3,74.3,20.7,5,0,64.2,35.8,58.9,55.6,85.8,14.2,64.8,75.1,1.7,8,0.6,0.9,11,1.2,0.8,0.8,81.5,8.4,0.7,3.3,6.1
Sefwi Wiawso Municipal,Western North,Sefwi Wiawso,150723,50.2,49.8,23.1,23.2,8,3.5,70.5,22.4,7,0,73.8,26.2,61.1,55.7,87.6,12.4,60.4,80.3,3.4,3.5,0.5,1.2,9.1,1.2,0.5,0.4,85,7.8,0.2,0.6,6.4
Bibiani Anhwiaso Bekwai Municipal,Western North,Bibiani Anhwiaso Bekwai,167385,49.3,50.7,22.6,23.6,7.7,3.7,71.1,22.1,6.8,0.1,75.7,24.3,59.2,56.4,84.8,15.2,60,85.9,0.9,1.7,0.2,1,7.1,1.6,0.6,1,82.9,6.8,0.2,3.5,6.6
Juaboso,Western North,Juaboso,88590,51.5,48.5,23.3,24.3,7.1,3,73.9,21.1,5,0,65.7,34.3,60.9,56.5,85.5,14.5,60.2,70.2,2.8,6,0.2,1.4,16,1.2,1.3,0.8,80.7,9.9,0.3,2.6,6.4
Bia West,Western North,Bia West,115605,51.8,48.2,22.1,23.8,7.1,2.4,76.2,18.1,5.6,0.1,60.6,39.4,58.7,53.7,87.1,12.9,61.2,49.2,4,3.9,0.4,3.8,34,1.8,2.2,0.8,71.5,19.7,0.4,2.3,6.2
Bia East,Western North,Bia East,53045,53,47,20.1,24.1,7.9,2.9,82.2,14.2,3.6,0,60.3,39.7,0,55,92.2,7.8,67.1,45,3.2,4.1,0.5,3.9,37.8,2.2,2.5,0.8,72.2,19.2,0.7,1.1,6.8
Asunafo South,Ahafo,Asunafo South,91561,51.2,48.8,20.9,23,8.4,3.9,76.2,18.6,5.2,0,71,29,58.5,55.1,91.4,8.6,61.9,58.8,3.6,5.1,0.8,6.5,20.5,1.7,2.2,0.7,73.1,17.9,0.3,3.2,5.5
Asunafo North Municipal,Ahafo,Asunafo North,149914,50.8,49.2,22.3,23.2,8.1,3.7,72.7,20.9,6.3,0,73.3,26.7,60.2,54.2,86.6,13.4,61.5,61.4,2.1,6.1,0.7,4.7,18.6,2.4,1.9,2.2,75.9,14.8,0.2,3.9,5.3
Asutifi South,Ahafo,Asutifi South,68272,51.1,48.9,21.5,23,7.8,3.8,72.9,20.6,6.4,0.1,69.6,30.4,58.3,54,86.4,13.6,59.1,51.5,2.1,7.2,0.8,7.4,21.4,2.4,5,2.1,70.3,21.4,0.3,2.4,5.7
Asutifi North,Ahafo,Asutifi North,73485,51.2,48.8,21.6,24.3,8.1,3.8,71.5,21.5,7,0.1,73.8,26.2,60.6,55.4,85.7,14.3,60.1,62.6,1.1,5,0.3,5.8,16.2,2.7,3.4,3,76,17.2,0.2,1.7,4.8
Tano North Municipal,Ahafo,Tano North,93335,49.6,50.4,21.9,22.2,8.9,4.8,69,22.3,8.7,0,76.1,23.9,60.5,55.1,87.7,12.3,58.9,62.2,1.6,3.6,0.4,5,20.4,1.9,2.7,2.1,77.6,13.8,0.3,3.5,4.6
Tano South Municipal,Ahafo,Tano South,87076,49.3,50.7,21.7,21.3,8.3,4.5,71.1,21.3,7.5,0.1,71.9,28.1,57.9,53.2,91.4,8.6,57.6,62,0.4,3.1,0.3,6.9,20.4,2.3,3,1.7,75.1,16.6,0.5,2.8,4.9
Dormaa West,Brong Ahafo,Dormaa West,47764,53.3,46.7,22,22.5,8.2,3.3,74.2,20.2,5.5,0.1,67.8,32.2,58.4,54.9,92.4,7.6,63.9,62.5,0.7,1.5,0.3,3.5,26.6,1.3,2.9,0.8,74.3,19.4,0.2,1.1,5.1
Dormaa Central Municipal,Brong Ahafo,Dormaa Central,112426,48.9,51.1,22,23.1,9.1,5.3,70.1,22.5,7.4,0,77.6,22.4,61.4,58.3,87.8,12.2,60.4,87.8,0.3,0.6,0.2,0.7,7,1.6,0.7,1.1,84.3,11.1,0.2,0.7,3.7
Dormaa East,Brong Ahafo,Dormaa East,67751,49.1,50.9,21.3,22.8,10,5.6,71.8,21.6,6.6,0,73.7,26.3,59.7,59.7,81.5,18.5,61.9,85.1,0.5,0.6,0.1,0.6,9.9,2.4,0.4,0.3,87.4,7.2,0.2,0.3,4.9
Sunyani Municipal,Brong Ahafo,Sunyani East,192692,49.7,50.3,25.3,26.3,7.6,3.5,53.4,27.6,18.9,0.1,84.9,15.1,64,56.5,84.9,15.1,57.7,66.9,2,3.7,0.7,1.5,17.5,3.5,2.3,1.8,81.5,14.7,0.1,1.4,2.2
Sunyani West Municipal,Brong Ahafo,Sunyani West,135830,49.4,50.6,25.7,23.5,7.8,4.2,59.8,25.5,14.7,0,78.4,21.6,62.1,57.6,83.4,16.6,53.1,75,0.9,1.9,0.3,0.9,16.9,2.2,0.7,1.2,86.1,7.8,0.3,1.2,4.7
Berekum East Municipal,Brong Ahafo,Berekum East,106002,47.2,52.8,24.7,23.7,8.5,4.7,61.6,28.6,9.6,0.1,84.6,15.4,61.8,59.5,84.9,15.1,57.5,90.3,0.4,1,0.4,0.4,5.1,1.2,0.5,0.7,86.7,6.7,0.1,2.5,4
Berekum West,Brong Ahafo,Berekum West,49453,47.7,52.3,21.7,23.4,9.2,5.5,67.2,24.6,8.2,0,75.3,24.7,63,58.2,84.9,15.1,58.2,89.9,0.7,0.3,0.1,1.5,4.6,1.2,0.4,1.2,92.6,3.7,0.1,0.5,3.1
Jaman South Municipal,Brong Ahafo,Jaman South,108147,48.5,51.5,21.7,22.4,8.9,4.9,72.1,21.6,6.3,0,73.5,26.5,60.1,56.6,87.5,12.5,57.8,91.1,0.1,0.6,0.1,1.3,4.8,1,0.5,0.5,84.9,10.5,0.2,1.2,3.3
Jaman North,Brong Ahafo,Jaman North,117429,49.7,50.3,23.5,22.1,7.4,4.5,68.1,24.4,7.5,0.1,72.3,27.7,57.7,57.3,86.4,13.6,56.3,88.3,0.1,0.2,0.1,0.3,2.3,2.1,6.2,0.4,82.9,12.8,0.4,1.6,2.4
Tain,Brong Ahafo,Tain,115408,50.5,49.5,22.1,22.1,7.9,4.8,75.4,19.3,5.3,0,61.7,38.3,58.5,55.1,89.4,10.6,59.7,57.3,0.2,0.3,0.2,0.8,21.7,1.1,16.9,1.6,73.7,15.9,1.4,1.3,7.7
Wenchi Municipal,Brong Ahafo,Wenchi,124385,48.9,51.1,22.5,21.6,7.5,4.5,72.3,20.5,7.1,0,63.7,36.3,58.6,53.3,88.2,11.8,56.2,42.7,0.2,0.9,0.7,1,38.9,4.2,8.8,2.6,68,23.7,3.1,0.5,4.6
Banda,Brong Ahafo,Banda Ahenkro,28175,52.6,47.4,20.8,23.1,8.2,4.8,77.2,16.5,6.2,0.1,55.7,44.3,0,56.8,82.9,17.1,52.6,19.3,1.4,8.6,0.6,0.3,9.1,2.7,57.8,0.2,72.2,18.9,1.1,2.6,5.2
Nkoranza South Municipal,Bono East,Nkoranza South,114326,49.8,50.2,22.3,22,8.2,4.2,73,20.7,6.3,0,68.6,31.4,59.3,53.4,88.1,11.9,60.6,60.7,0.2,0.6,0.4,4.4,27.4,4.4,1.1,0.7,76.9,9.9,1.9,3.8,7.5
Techiman Municipal,Bono East,Techiman South,242101,48.7,51.3,23.6,24.4,7.1,3.4,67.4,23.8,8.7,0.1,74.3,25.7,59.3,56,88.5,11.5,64.5,50.5,0.5,1.8,2.6,3.2,27.2,6.5,4.8,3.1,66.6,29,0.3,1,3.1
Nkoranza North,Bono East,Nkoranza North,56452,50.9,49.1,20.7,21.1,9,5.4,76.9,18.9,4.3,0,62,38,57.2,55.9,91.8,8.2,57.9,61.4,0.1,0.2,0.5,6,26.3,3.8,1.2,0.5,75,12.7,2.8,0.4,9.1
Techiman North,Bono East,Techiman North,102443,49,51,23.8,22.9,7.3,4,71,22.5,6.5,0,71.3,28.7,58,57.7,88.2,11.8,59,57.7,0.2,1.3,1.7,2,28.6,5.1,2.3,1.2,71.7,19.8,0.7,1.7,6.1
Atebubu Amantin Municipal,Bono East,Atebubu Amantin,144480,50.4,49.6,23.6,20.8,5.5,3,74.9,19.2,5.9,0,54,46,54.8,50.5,89.2,10.8,61.9,26.7,0.2,1,3.1,36.6,21.1,3.6,5.4,2.3,54.3,32.2,4.1,1.2,8.1
Sene West,Bono East,Sene West,69755,50.8,49.2,21.6,22.2,6.7,2.4,76.8,17.7,5.5,0,47,53,57.2,52.7,93,7,66,6.6,0.8,7.9,51.4,16.4,11.9,1.9,1.5,1.7,52.5,17.2,8.4,4.4,17.5
Sene East,Bono East,Sene East,72023,53.3,46.7,20.8,20.8,6.2,2.7,80.3,15.6,4.1,0,42.8,57.2,56.4,49.9,87.7,12.3,64.4,8,14.5,28.3,15.8,26.9,2.6,1.1,1.6,1.2,69.3,7.4,9.4,4.5,9.4
Pru West,Bono East,Pru West,69342,51,49,23.5,20.1,6.1,3.5,76.2,18.8,5,0,48.7,51.3,53.7,52.8,91.9,8.1,60.8,27.8,0.1,1.5,6.6,42.5,13.5,1.9,3.4,2.6,54.1,18.9,13.3,1.6,12.1
Pru East,Bono East,Pru East,100469,50.5,49.5,23.7,20.7,6,2.6,74.1,20.1,5.7,0.1,50.7,49.3,54.2,49.8,87.9,12.1,63.6,9.9,5.7,21.1,28,18.7,7.6,1.1,4.8,3.1,56.3,26.9,6.3,1.2,9.3
Kintampo South,Bono East,Kintampo South,89070,51,49,21.2,21.2,7.8,4.6,78.9,16.4,4.6,0.1,55.6,44.4,58.5,54.1,89.3,10.7,60.1,33.4,0.2,0.4,1.2,13.2,36.4,11.5,3.4,0.4,66.1,19.5,3.1,1.9,9.4
Kintampo North Municipal,Bono East,Kintampo North,139325,49.8,50.2,24,20.9,6.3,3.8,69.8,21.7,8.4,0.1,55.1,44.9,57.3,51.8,85.9,14.1,54.2,14.3,0.4,1.9,13.2,18.4,19.1,20.4,10.7,1.5,49.9,42.2,2.5,1.4,4.1
Biakoye,Oti,Biakoye,71610,50.3,49.7,18.3,21.3,10.2,5.9,79.4,16.3,4.2,0.1,69.9,30.1,54.7,56.1,91.7,8.3,64.3,15,5,42,25.6,6.8,1.3,0.3,0.4,3.6,78.6,11.2,2.9,2.9,4.3
Jasikan Municipal,Oti,Buem,59565,51,49,20.5,22.8,10.1,6.1,71.4,21,7.4,0.1,76.4,23.6,61.8,58.7,93.4,6.6,60,4.6,0.9,30.5,43.1,16.4,1.5,0.2,0.3,2.4,77.8,19.2,0.7,0.8,1.5
Kadjebi,Oti,Akan,73804,51.2,48.8,20,22.3,8.7,5.3,78.3,16.7,4.8,0.2,71.2,28.8,57,56,93.5,6.5,62.4,12.8,1.4,41.9,4.5,34.5,1.9,0.3,0.2,2.5,65.9,31.1,0.9,0.2,2
Krachi East Municipal,Oti,Krachi East,109125,51.1,48.9,21.7,20.7,6.3,3.2,78.1,16.2,5.6,0,51.8,48.2,56.7,49.8,94.2,5.8,63.7,9.6,7.3,26.3,13.3,37.4,1.2,0.5,1.6,2.8,65.9,10.9,8.5,3.5,11.1
Krachi West Municipal,Oti,Krachi West,60954,51.1,48.9,22,22.1,7.3,3.9,72,21.5,6.5,0,56.4,43.6,62.2,53.2,89.5,10.5,60.4,4.8,8.2,15,40.6,22.3,1.1,0.8,1.3,5.9,68.9,11.1,8.4,2.7,9
Krachi Nchumuru,Oti,Krachi Nchumuru,79765,50.5,49.5,20.7,19.2,6.7,3.9,80.1,15.7,4.2,0,46.9,53.1,53.5,49.1,96.3,3.7,65.3,3.5,2.1,8.1,22,58.9,0.7,0.2,1.3,3.2,60.4,8.9,17.1,0.3,13.1
Nkwanta South Municipal,Oti,Nkwanta South,135548,50.2,49.8,20.3,20.8,6.6,3.7,76.3,18.3,5.4,0.1,50.4,49.6,56.9,49.2,94.5,5.5,63,4.3,0.6,11.7,17.9,62.2,1,0.4,0.5,1.4,61.5,9.7,17.1,0.9,10.7
Nkwanta North,Oti,Nkwanta North,125878,49.7,50.3,21.9,18.6,4.8,2.7,77,18.3,4.6,0.1,34.9,65.1,500.3,45.3,91.6,8.4,63.1,2.5,0.2,6.1,1,87.2,0.5,0.1,0.8,1.7,41.5,11.9,31.5,1,14.1
Guan,Oti,Guan,28234,51.2,48.8,16.9,20.9,13.2,10.4,74.1,21.4,4.5,0,84.8,15.2,0,61.4,94.1,5.9,56.2,1.7,0.5,12.1,81.5,2.5,0.5,0.2,0.2,0.8,90.8,5.3,2,0.5,1.4
Kpandai,Northern,Kpandai,126101,49.8,50.2,21.9,18.7,5.2,3,76.7,18.4,4.9,0,41.1,58.9,54.8,47.7,92.1,7.9,63.7,2.8,1.4,6.2,12.9,73.2,1.2,0.1,1,1.2,51.3,8.7,21.5,2.2,16.4
Nanumba South,Northern,Wulensi,106317,49.4,50.6,20.7,17.7,4.2,2.9,76.8,19.8,3.5,0,32,68,50.9,44,95.4,4.6,57.9,0.7,0,1.8,0.9,69.9,24.9,0.1,1.3,0.5,21.3,28,40.1,0.6,10
Nanumba North Municipal,Northern,Bimbilla,188395,48.9,51.1,21.6,18.5,4.7,2.8,69.2,23.7,7,0,35.8,64.2,53.4,45.1,91.6,8.4,59,2.2,0,0.4,0.3,66.2,28.7,0.1,1.8,0.3,22.6,32.1,35.8,0.5,9
Zabzugu,Northern,Zabzugu,82612,49.4,50.6,20.9,19,4.6,2.8,75.6,18.6,5.8,0,29.8,70.2,52,45.7,85.5,14.5,52.9,0.4,0,1.2,0.1,55,40.2,0.1,2,0.9,22.4,44.4,26.6,0.3,6.4
Tatale Sanguli,Northern,Tatale Sanguli,74373,49.5,50.5,21.3,18.1,4.8,3.5,78.1,17.2,4.7,0,33.6,66.4,55.4,46.4,93,7,56.2,0.7,0,0.2,0.1,94.9,0.9,0.1,2,1.2,43,7.4,43.6,0,6
Saboba,Northern,Saboba,95554,49.3,50.7,23.7,17.2,4.5,2.8,69.4,23.1,7.5,0.1,48.2,51.8,56.6,47.2,90.9,9.1,48.4,2.6,0,0.9,0.1,91.7,2.7,0.1,1.5,0.4,58.3,10.8,23.8,1.1,6
Yendi Municipal,Northern,Yendi,154068,49.3,50.7,22.2,19.6,5.3,3.8,68.1,24,7.8,0.1,46.7,53.3,55.6,46.1,82.7,17.3,48.4,1.2,0.1,0.5,0.4,32.3,63.2,0.2,1.8,0.3,18.4,67.2,10.1,0.4,3.9
Mion,Northern,Mion,94913,49.7,50.3,20.5,18.5,4.9,3.1,81.1,14.5,4.3,0.1,24.4,75.6,51,46.5,90.9,9.1,52.6,0.6,0,0,0,46.9,46.2,0,6.1,0.1,23.6,57.1,16.1,0.2,3
Nanton,Northern,Nanton,50720,49.7,50.3,19.3,20.2,5.8,3.4,82.9,13.2,3.8,0.1,30.4,69.6,48.2,48.9,86.8,13.2,51.6,0.5,0,0,0,0.1,95.6,0.2,3.4,0.1,1.2,98.7,0,0,0
Tamale Metropolitan Area (TMA),Northern,Tamale South/Tamale Central/Tatale Sanguli,373469,49.4,50.6,0,0,0,0,62.7,23.1,14.1,0.2,62.2,37.8,0,0,83,17,55.3,2.7,0.3,0.9,3,1.1,88.7,1.2,0.7,1.5,7.5,92.2,0.1,0.1,0.1
TMA0Tamale South,Northern,Tamale South,246528,49.7,50.3,24.7,21.9,5,3,64.2,21.1,14.5,0.2,57.6,42.4,54.6,0,82.5,17.5,54.3,2.4,0.2,0.8,3.6,0.9,89.2,1,0.9,1,7.1,92.5,0.1,0.1,0.1
TMA0Tamale Central,Northern,Tamale Central,126941,48.8,51.2,22.2,24.7,7,4.1,60.2,26.2,13.5,0.1,70.8,29.2,58,0,83.9,16.1,57.2,3.2,0.4,1.2,1.8,1.5,87.6,1.5,0.4,2.4,8.4,91.4,0,0.1,0.1
Sagnarigu Municipal,Northern,Sagnarigu,341132,49.8,50.2,23.6,23.4,5.4,2.9,56.2,24.7,18.9,0.1,69.1,30.9,56.3,50.9,78.9,21.1,52.3,3.1,0.4,1.4,2.5,2.2,86.8,2.2,0.5,0.9,15,84.7,0.1,0.2,0.1
Tolon,Northern,Tolon,118002,49.5,50.5,21.4,19.2,5.7,3.8,70.6,19,10.4,0.1,30,70,55.6,48.7,80.1,19.9,41.3,1.3,0.1,0.4,0.2,0.1,96.8,0.2,0.7,0.2,3,96,0.5,0.1,0.4
Kumbungu,Northern,Kumbungu,110397,50,50,20.3,19,5.6,4.1,74.9,18.8,6.1,0.2,36.6,63.4,52,48,79.6,20.4,41.9,0.5,0,0.6,0.1,0.5,97.2,0.3,0.8,0.4,2.9,96.7,0.3,0.1,0.1
Savelugu Municipal,Northern,Savelugu,122756,49.2,50.8,21,20.3,5.4,3.6,73.2,20.2,6.5,0,40.2,59.8,51.5,48.4,81.7,18.3,40.2,1.1,0.1,0.7,0.2,18.7,93.4,0.9,2.7,0.5,4,95.7,0.2,0.1,0.1
Karaga,Northern,Karaga,114170,48.7,51.3,20.5,18.7,4.9,3,78.3,16.4,5.2,0.1,20.6,79.4,50.7,45.9,90.5,9.5,47.5,0.6,0,0,0,41.4,75.3,0.2,4.7,0.3,11.2,83.9,3.3,0.1,1.5
Gushegu Municipal,Northern,Gushegu,153829,49,51,19.7,18.5,4.7,2.6,74.4,19.7,5.9,0,21.8,57.6,52.3,43.4,88.3,11.7,52.7,0.5,0,0.1,0.1,0.1,53.9,0.1,3.9,0.1,18.3,68.4,9.9,0.3,3.1
Bole,Savannah,Bole,115657,51.7,48.3,25.9,22.4,4.9,3.1,69.9,22.4,7.6,0.1,42.3,57.7,57.9,55.5,74.1,25.9,52.2,2.8,0.2,3.1,27.5,3.6,45.2,10.4,6.1,1.1,41.1,50.3,5.3,0.3,3
Sawla Tuna Kalba,Savannah,Sawla Tuna Kalba,112510,47.1,52.9,20.2,18.6,7.6,5.1,75.3,18.2,6.4,0.1,31.3,68.7,57.7,50,81.6,18.4,42.4,1.1,0,0.2,7.2,0.6,80.8,7.6,2.1,0.4,52.1,23.9,14.7,1.6,7.7
North Gonja,Savannah,Daboya0Mankarigu,61425,50.1,49.9,23,17.9,4.5,2.9,69.9,23.3,6.7,0.1,25.4,74.6,52.4,46.6,84.2,15.8,43.2,1.8,0.1,0.8,26.7,0.1,24.3,43.1,2.8,0.6,19.2,77.3,0.7,1.5,1.3
West Gonja Municipal,Savannah,Damango,63310,50.9,49.1,25.6,20.2,5.6,3.2,63,26.4,10.6,0,55.8,44.2,56.4,51.9,71.2,28.8,37.2,2,0.2,0.4,55.3,1.5,19.1,3,4.2,14.4,18,80,0.8,0.2,1
Central Gonja,Savannah,Yapei0Kusawgu,142648,50.2,49.8,21.9,18.7,4.7,2.6,72.8,20.1,7,0,28.7,71.3,50.6,46.7,72.5,27.5,43.5,3.7,0.7,8.1,61.1,0.5,14.6,0.6,9.2,1.6,11.6,86.8,0.5,0.2,0.9
East Gonja Municipal,Savannah,Salaga South,117639,51.1,48.9,23.6,20.2,5.5,3,70.2,22.4,7.4,0,39.7,60.3,57.8,50.1,82.6,17.4,55.3,8.6,2.4,10.2,44.3,18,9.1,0.6,4.2,2.6,30.9,62.7,3.6,0.7,2.2
North East Gonja,Savannah,Salaga North,39383,50.5,49.5,19.7,20,5.3,2.7,82.5,13.9,3.6,0,21,79,0,47.8,78.1,21.9,53.4,4,0,0.7,55.1,0.8,24.1,0.2,13.6,1.6,3.2,95.7,0.5,0.2,0.4
Mamprugu Moagduri,North East,Yagaba0Kubori,68729,49.5,50.5,22,17.6,5.2,3.2,80.2,16.4,3.5,0,25.3,74.7,48.2,48,84,16,69.4,0.6,0,0,0,0.1,94.5,1.2,2.7,0.9,10.8,84.3,2.8,0.2,2
West Mamprusi Municipal,North East,Walewale,175374,48.8,51.2,21.9,18.7,5.2,3.2,72.3,21.5,6.1,0,44,56,51.2,47,75.4,24.6,42.6,1,0.1,0,0.2,0.9,87.5,51,4.2,0.6,14.9,82.8,1.1,0.2,1
East Mamprusi Municipal,North East,Nalerigu,187725,48.5,51.5,21.8,17.6,4.7,3.6,70.5,21.6,7.9,0.1,37.4,62.6,51.4,44.9,69.4,30.6,38.5,1.1,0,0,0.5,23.9,62.8,3.7,6.3,1.5,29.5,63.8,4.8,0.2,1.7
Bunkpurugu Nakpanduri,North East,Bunkpurugu,82093,49.1,50.9,24.5,18.9,6.2,5.4,63.3,29.9,6.7,0.1,59.2,40.8,58.3,53.7,85,15,38.8,1.1,0,0,0.1,86.1,10.3,0.1,1.7,0.5,74.6,13.3,8.6,1,2.6
Yunyoo Nasuan,North East,Yunyoo,56879,49.3,50.7,19.8,16.6,4.7,4.2,78.7,16.6,4.7,0,29.6,70.4,0,45.3,89.9,10.1,39.6,0.7,0,0,0,88.5,7.7,0.1,2.4,0.5,58.2,19.8,19.4,0.6,2
Chereponi,North East,Chereponi,87033,49.2,50.8,21.6,16.7,4.6,2.6,77.5,17.2,5.2,0,31.1,68.9,54.9,43.7,88.4,11.6,45.4,65.5,0,0,0.1,27.1,0.7,0.1,4,1.2,22.6,66,10.2,0.3,0.9
Builsa South,Upper East,Builsa South,36517,50.1,49.9,21.2,20.7,7.8,5.9,75.4,18.9,5.6,0,42.4,57.6,62.3,54.4,80.4,19.6,37.8,0.8,0.1,0.1,0.1,0,94.7,0.6,3,0.6,53.6,8.4,33.4,2.5,2.2
Builsa North Municipal,Upper East,Builsa North,56402,50.1,49.9,21.6,21.1,8.3,7.3,69.1,23.4,7.4,0.1,55.1,44.9,60.4,58.1,80.9,19.1,43.1,0.8,0.1,0.2,0.1,0.3,96,2.2,0.2,0.1,69.9,5.1,19.9,2.2,2.9
Kasena Nankana Municipal,Upper East,Navrongo Central,99815,48.7,51.3,23.8,22.2,8.4,6,62.4,24.6,13,0,64.4,35.6,63.3,59.3,81.3,18.7,42.3,1.9,0.2,0.5,0.2,0.3,6.6,89.6,0.2,0.5,71.5,7.3,14.5,1.6,5.2
Kasena Nankana West,Upper East,Chiana0Paga,90643,48.4,51.6,21.1,20.7,7.7,7.7,73.7,20.3,6,0.1,54,46,58.6,56.7,78.9,21.1,32.9,0.8,0.1,0.1,0.1,0.1,9,89.5,0.3,0.2,59.8,11.6,23.1,1.7,3.8
Bolgatanga Municipal,Upper East,Bolgatanga Central,138999,47.6,52.4,23.2,24.5,7.4,4.3,60.8,24.6,14.6,0.1,68.4,31.6,60.5,57.4,82.8,17.2,53.7,3,0.3,0.9,0.4,0.8,87.1,5.5,0.6,1.4,68,18,11.1,0.6,2.4
Talensi,Upper East,Talensi,86968,50.4,49.6,22.5,20,7.6,5.8,75.5,20,4.5,0.1,51,49,59.4,55.4,78.2,21.8,35.5,1,0,0.2,0,0.2,96.9,1.1,0.2,0.3,56.9,6.1,31.6,1.4,3.9
Bolgatanga East,Upper East,Bolgatanga East,38769,48.5,51.5,22,23.1,7.8,5.9,66.6,24.1,9.3,0,63.4,36.6,61.5,57.7,81.4,18.6,47.5,1.5,0.2,0.3,0.1,0.3,93.4,3.8,0.2,0.3,66.1,0.5,20.7,0.3,3.4
Bongo,Upper East,Bongo,120092,47.3,52.7,22,19.6,7.4,6.6,76.1,18.8,5.1,0,50.1,49.9,60.2,55.3,78.9,21.1,29.4,0.8,0,0,0,0,95.8,3.2,0,0,59.4,8.4,28.7,0.8,2.7
Nabdam,Upper East,Nabdam,51768,49.3,50.7,24.5,21.1,7.2,5.3,74.4,19.4,6.2,0,46.9,53.1,0,58.2,54.1,45.9,28.8,2.1,0,0,0,0,96.6,1.2,0,0,52.8,2.6,41.2,0.1,3.4
Bawku West,Upper East,Zebilla,144014,49.1,50.9,21.9,18.6,6.2,5.8,77.5,16.6,5.8,0.1,40.5,59.5,55.8,51.7,81.6,18.4,43.4,0.9,0.9,0.1,0,0.3,88.9,0.9,7.8,1.1,46.5,25.4,24.9,1.2,3.4
Binduri,Upper East,Binduri,76623,48.2,51.8,20.9,17.7,7.3,7.3,77.7,17.1,5.1,0,40.3,59.7,0,53.3,71.6,28.4,41.5,0.8,0,0.1,0,0.3,88.2,0.4,10,0.2,43.8,42.9,10.7,0.7,2
Bawku Municipal,Upper East,Bawku Central,118963,48.6,51.4,20.8,21.1,7.3,5.7,71.2,21.1,7.6,0.1,52.3,47.7,56.4,51.9,80.4,19.6,52.6,1.4,0,0.2,0.2,1.1,74.5,1.2,17.1,4.1,14.1,83.8,1.6,0.3,1.9
Garu,Upper East,Garu,71668,48,52,19.9,17.4,6.9,8.1,77.7,15.6,6.7,0,41.9,58.1,55.2,51.8,78.7,21.3,46.3,1,0.1,0.1,0,21.5,68.3,0.3,8.2,0.6,44.6,43.6,9.2,1.1,0.2
Tempane,Upper East,Tempane,86848,47.4,52.6,19,17.7,7.3,7.8,79,14.9,6.1,0.1,37,40.3,54.7,51.3,76.4,23.6,41,0.5,0,0,0,27.5,56.3,0.7,14.7,0.3,37.8,52,8.3,0.7,1.5
Pusiga,Upper East,Pusiga,80090,48.1,51.9,20.2,18.3,6.4,6.2,80.1,12.9,7,0,34.1,65.9,52.8,50.3,76.3,23.7,45,0.6,0,0.1,0,3.1,63,2.2,30.1,0.7,8.8,88,3,0.1,1.2
Wa West,Upper West,Wa West,96917,47.3,52.7,19.5,18,7.6,6.3,81,13.7,5.2,0.1,35.3,64.7,0,51.4,86.8,13.2,37.6,0.4,0,0.1,0.1,0,97.5,0.3,1.4,0.2,49.5,28.1,14.4,1.3,6.7
Wa East,Upper West,Wa East,91430,51,49,22.6,19.6,6.1,4.3,79,14.8,6.1,0.1,31.4,68.6,54,52.5,85.9,14.1,52,0.9,0,0,1.2,0.9,66.8,27.6,2.4,0.2,25.9,67.2,4.5,0.5,1.9
Wa Municipal,Upper West,Wa Central,199562,49.1,50.9,26,22.5,6.2,3.6,57.8,23.7,18.4,0.1,70,30,60.2,53.7,85.2,14.8,50.6,2.8,0.3,0.6,1,0.4,91.6,1.8,0.8,0.7,29.5,69.5,0.5,0.2,0.3
Nadowli Kaleo,Upper West,Nadowli Kaleo,76832,48,52,22.4,18.7,8.2,7.2,72.5,19.9,7.6,0.1,50.7,49.3,60.8,55.5,83.8,16.2,40.7,0.9,0.1,0.1,0.1,0.1,98.1,0.3,0.3,0.1,75.2,14.2,6.8,0.7,3
Daffiama Bussie Issa,Upper West,Daffiama Bussie Issa,38730,48.8,51.2,22.1,18.9,7.7,6.4,76.8,17.3,5.8,0,37.1,62.9,61.2,54.2,92.9,7.1,45.7,0.6,0.1,0.1,0,0,82.3,16.2,0.6,0.1,56.7,38.2,4.1,0.2,0.9
Sissala East Municipal,Upper West,Sissala East,80432,49.5,50.5,24.1,21,6,4.1,67.5,22,10.4,0.1,46.8,53.2,61.6,53.2,88.2,11.8,54.6,1.7,0.1,0.2,0.2,0.1,6.9,88.2,2.4,0.3,9.4,89.3,1,0.1,0.2
Sissala West,Upper West,Sissala West,63776,49.4,50.6,22.1,19.4,6,4.8,77.7,16,6.2,0.1,42.8,57.2,57.4,51.6,84.8,15.2,47.6,0.9,0.1,0.1,0.1,0.1,22.9,72.9,2.9,0.1,18.9,75.5,4.9,0,0.6
Jirapa Municipal,Upper West,Jirapa,91084,47.2,52.8,23.1,19.2,7.6,6.3,72.9,19.1,7.9,0.1,45.9,54.1,60.5,55.1,82.1,17.9,32.2,0.9,0.1,0.2,0.1,0.1,97.2,0.6,0.8,0.1,74.5,10.7,10.4,0.5,3.9
Lawra Municipal,Upper West,Lawra,58192,48.5,51.5,21.8,20.2,8.7,7,70.4,22.5,7.1,0.1,48.9,51.1,63.8,56.5,82.2,17.8,41.4,1.3,0.1,0.3,0.1,0.1,97.1,0.6,0.2,0.3,72.1,8.5,12.9,1,5.5
Lambussie Karni,Upper West,Lambussie,50976,49,51,20.8,18.9,7.5,5.7,76.1,17.8,6,0.1,43.8,56.2,56.3,52.3,89.8,10.2,39.2,0.9,0.1,0.1,0.1,0.1,65.8,29.3,3.1,0.6,54.1,31.3,13.2,0.2,1.3
Nandom Municipal,Upper West,Nandom,51039,49.9,50.1,20.5,21.2,9.8,7.2,71.2,21,7.8,0.1,52.1,47.9,61.9,58.2,82.9,17.1,43.6,0.9,0.9,0.2,0.1,0.1,96.8,0.6,0.4,0.2,90.2,5.7,3.9,0.1,0.1